﻿"fukugo","busyo","sisya","bu","ka"
"0102","小倉営業所","西日本","営業部","営業所"
"0103","福岡営業所","西日本","営業部","営業所"
"0104","広島営業所","西日本","営業部","営業所"
"0105","大分営業所","西日本","営業部","営業所"
"0106","熊本営業所","西日本","営業部","営業所"
"0107","宮崎営業所","西日本","営業部","営業所"
"0108","山口営業所","西日本","営業部","営業所"
"0113","長崎営業所","西日本","営業部","営業所"
"0114","久留米営業所","西日本","営業部","営業所"
"0116","鹿児島営業所","西日本","営業部","営業所"
"0122","松山営業所","西日本","営業部","営業所"
"0123","大村営業所","西日本","営業部","営業所"
"0125","岩国営業所","西日本","営業部","営業所"
"0132","商品１課(西日本)","西日本","商品部","海老課"
"0133","商品２課(西日本)","西日本","商品部","冷凍課"
"0134","商品３課(西日本)","西日本","商品部","加工食品課"
"0138","徳山営業所","西日本","営業部","営業所"
"0210","海老１・２課","東日本","商品１部","海老課"
"0211","冷凍１課","東日本","商品２部","冷凍課"
"0214","広域販売課","東日本","商品３部","広域販売課"
"0215","加工食品１課","東日本","商品３部","加工食品課"
"0216","冷凍２課","東日本","商品２部","冷凍課"
"0217","加工食品２課","東日本","商品３部","加工食品課"
"0222","横浜営業所","東日本","営業部","営業所"
"0223","浦安営業所","東日本","営業部","営業所"
"0225","札幌事業所","東日本","商品１部","事業所"
"0226","仙台事業所","東日本","商品１部","事業所"
"0231","営業部B","東日本","営業部","営業所"
"0239","三多摩営業所","東日本","営業部","営業所"
"0240","営業部C","東日本","営業部","営業所"
"0302","海老２課(関西)","関　西","商品部","海老課"
"0303","加工食品チーム(関西)","関　西","商品部","加工食品課"
"0311","海老１課(関西)","関　西","商品部","海老課"
"0312","冷凍課(関西)","関　西","商品部","冷凍課"
"0313","広域販売チーム(関西)","関　西","商品部","加工食品課"
"0318","高松営業所","関　西","営業部","営業所"
"0331","大阪営業所","関　西","営業部","営業所"
"0337","加工食品課(中部)","中　部","商品部","加工食品課"
"0338","冷凍課(中部)","中　部","商品部","冷凍課"
"0340","名古屋営業所","中　部","営業部","営業所"
"0341","京都営業所","関　西","営業部","営業所"
"0342","北部営業所","関　西","営業部","営業所"
"0343","姫路営業所","関　西","営業部","営業所"
"0344","鈴鹿営業所","中　部","営業部","営業所"
"0345","鈴鹿工場","中　部","営業部","営業所"
"0346","神戸営業所","関　西","営業部","営業所"
"0348","海老課(中部)","中　部","商品部","海老課"
"0349","岡山営業所","関　西","営業部","営業所"
"0366","岐阜営業所","中　部","営業部","営業所"
"0656","海外開発課","海外開発","海外開発部","海外開発課"
"0812","宇部工場製造課","宇部工場","加工部","加工課"
"0841","宇部工場販売課","宇部工場","加工部","加工課"
