﻿"daibcd","daibun","chubcd_tail","chubcd","daibun","chubun","chubcd2_","daibun_full","chubun_full"
"101","バナメイ","1","101001","バナメイ","バナメイバナメイ","101001","101 バナメイ","101001 バナメイ"
"102","Ｆ・ＴＧ・ＰＴＧ","1","102001","タイガー（とらえび）","Ｆ・ＴＧ・ＰＴＧタイガー（とらえび）","102001","102 Ｆ・ＴＧ・ＰＴＧ","102001 タイガー（とらえび）"
"102","Ｆ・ＴＧ・ＰＴＧ","2","102002","フラワー","Ｆ・ＴＧ・ＰＴＧフラワー","102002","102 Ｆ・ＴＧ・ＰＴＧ","102002 フラワー"
"103","ブラックタイガー","1","103001","ブラックタイガー","ブラックタイガーブラックタイガー","103001","103 ブラックタイガー","103001 ブラックタイガー"
"104","車","1","104001","くるまえび","車くるまえび","104001","104 車","104001 くるまえび"
"104","車","2","104002","くまえび","車くまえび","104002","104 車","104002 くまえび"
"105","ホワイト・バナナ","1","105001","ホワイト","ホワイト・バナナホワイト","105001","105 ホワイト・バナナ","105001 ホワイト"
"105","ホワイト・バナナ","2","105002","バナナ","ホワイト・バナナバナナ","105002","105 ホワイト・バナナ","105002 バナナ"
"106","Ｐ・ＢＲ・ＥＮ・ＫＩＮＧ","1","106001","ピンク","Ｐ・ＢＲ・ＥＮ・ＫＩＮＧピンク","106001","106 Ｐ・ＢＲ・ＥＮ・ＫＩＮＧ","106001 ピンク"
"106","Ｐ・ＢＲ・ＥＮ・ＫＩＮＧ","2","106002","ブラウン","Ｐ・ＢＲ・ＥＮ・ＫＩＮＧブラウン","106002","106 Ｐ・ＢＲ・ＥＮ・ＫＩＮＧ","106002 ブラウン"
"106","Ｐ・ＢＲ・ＥＮ・ＫＩＮＧ","3","106003","エンデバー","Ｐ・ＢＲ・ＥＮ・ＫＩＮＧエンデバー","106003","106 Ｐ・ＢＲ・ＥＮ・ＫＩＮＧ","106003 エンデバー"
"106","Ｐ・ＢＲ・ＥＮ・ＫＩＮＧ","4","106004","キング","Ｐ・ＢＲ・ＥＮ・ＫＩＮＧキング","106004","106 Ｐ・ＢＲ・ＥＮ・ＫＩＮＧ","106004 キング"
"107","赤海老","1","107001","あかえび","赤海老あかえび","107001","107 赤海老","107001 あかえび"
"107","赤海老","2","107002","あまえび","赤海老あまえび","107002","107 赤海老","107002 あまえび"
"107","赤海老","3","107003","スポットエビ","赤海老スポットエビ","107003","107 赤海老","107003 スポットエビ"
"107","赤海老","4","107004","ボタンエビ","赤海老ボタンエビ","107004","107 赤海老","107004 ボタンエビ"
"107","赤海老","5","107005","アルゼンチンアカエビ","赤海老アルゼンチンアカエビ","107005","107 赤海老","107005 アルゼンチンアカエビ"
"108","ムキエビ","1","108001","バナメイ","ムキエビバナメイ","108001","108 ムキエビ","108001 バナメイ"
"108","ムキエビ","2","108002","ブラックタイガー","ムキエビブラックタイガー","108002","108 ムキエビ","108002 ブラックタイガー"
"108","ムキエビ","3","108003","しばえび","ムキエビしばえび","108003","108 ムキエビ","108003 しばえび"
"108","ムキエビ","4","108004","ピンク","ムキエビピンク","108004","108 ムキエビ","108004 ピンク"
"108","ムキエビ","5","108005","ブラウン","ムキエビブラウン","108005","108 ムキエビ","108005 ブラウン"
"108","ムキエビ","6","108006","イエロー","ムキエビイエロー","108006","108 ムキエビ","108006 イエロー"
"108","ムキエビ","7","108007","ホワイト","ムキエビホワイト","108007","108 ムキエビ","108007 ホワイト"
"108","ムキエビ","8","108008","フラワー","ムキエビフラワー","108008","108 ムキエビ","108008 フラワー"
"108","ムキエビ","9","108009","バナナ","ムキエビバナナ","108009","108 ムキエビ","108009 バナナ"
"108","ムキエビ","10","108010","キャット","ムキエビキャット","108010","108 ムキエビ","108010 キャット"
"108","ムキエビ","11","108011","くるまえび","ムキエビくるまえび","108011","108 ムキエビ","108011 くるまえび"
"108","ムキエビ","12","108012","エビ","ムキエビエビ","108012","108 ムキエビ","108012 エビ"
"108","ムキエビ","13","108013","その他えび","ムキエビその他えび","108013","108 ムキエビ","108013 その他えび"
"109","尾付ムキエビ","1","109001","バナメイ","尾付ムキエビバナメイ","109001","109 尾付ムキエビ","109001 バナメイ"
"109","尾付ムキエビ","2","109002","ブラックタイガー","尾付ムキエビブラックタイガー","109002","109 尾付ムキエビ","109002 ブラックタイガー"
"110","中ムキエビ","1","110001","バナメイ","中ムキエビバナメイ","110001","110 中ムキエビ","110001 バナメイ"
"110","中ムキエビ","2","110002","ブラックタイガー","中ムキエビブラックタイガー","110002","110 中ムキエビ","110002 ブラックタイガー"
"111","ボイルエビ","1","111001","殻付","ボイルエビ殻付","111001","111 ボイルエビ","111001 殻付"
"111","ボイルエビ","2","111002","中ムキ","ボイルエビ中ムキ","111002","111 ボイルエビ","111002 中ムキ"
"111","ボイルエビ","3","111003","ムキエビ","ボイルエビムキエビ","111003","111 ボイルエビ","111003 ムキエビ"
"112","パック・トレーエビ","1","112001","バナメイ","パック・トレーエビバナメイ","112001","112 パック・トレーエビ","112001 バナメイ"
"112","パック・トレーエビ","2","112002","ブラックタイガー","パック・トレーエビブラックタイガー","112002","112 パック・トレーエビ","112002 ブラックタイガー"
"112","パック・トレーエビ","3","112003","その他えび","パック・トレーエビその他えび","112003","112 パック・トレーエビ","112003 その他えび"
"113","スシエビ・ヒラキエビ","1","113001","バナメイ","スシエビ・ヒラキエビバナメイ","113001","113 スシエビ・ヒラキエビ","113001 バナメイ"
"113","スシエビ・ヒラキエビ","2","113002","ブラックタイガー","スシエビ・ヒラキエビブラックタイガー","113002","113 スシエビ・ヒラキエビ","113002 ブラックタイガー"
"113","スシエビ・ヒラキエビ","3","113003","その他えび","スシエビ・ヒラキエビその他えび","113003","113 スシエビ・ヒラキエビ","113003 その他えび"
"114","伊勢・ニシキ・ウチワ","1","114001","いせえび","伊勢・ニシキ・ウチワいせえび","114001","114 伊勢・ニシキ・ウチワ","114001 いせえび"
"114","伊勢・ニシキ・ウチワ","2","114002","ロブスター","伊勢・ニシキ・ウチワロブスター","114002","114 伊勢・ニシキ・ウチワ","114002 ロブスター"
"114","伊勢・ニシキ・ウチワ","3","114003","オマールエビ","伊勢・ニシキ・ウチワオマールエビ","114003","114 伊勢・ニシキ・ウチワ","114003 オマールエビ"
"114","伊勢・ニシキ・ウチワ","4","114004","その他えび","伊勢・ニシキ・ウチワその他えび","114004","114 伊勢・ニシキ・ウチワ","114004 その他えび"
"115","えびフライ","1","115001","バナメイ","えびフライバナメイ","115001","115 えびフライ","115001 バナメイ"
"115","えびフライ","2","115002","ブラックタイガー","えびフライブラックタイガー","115002","115 えびフライ","115002 ブラックタイガー"
"115","えびフライ","3","115003","フラワー","えびフライフラワー","115003","115 えびフライ","115003 フラワー"
"115","えびフライ","4","115004","タイガー","えびフライタイガー","115004","115 えびフライ","115004 タイガー"
"115","えびフライ","5","115005","エビ","えびフライエビ","115005","115 えびフライ","115005 エビ"
"115","えびフライ","6","115006","その他えび","えびフライその他えび","115006","115 えびフライ","115006 その他えび"
"116","その他の海老","1","116001","しばえび","その他の海老しばえび","116001","116 その他の海老","116001 しばえび"
"116","その他の海老","2","116002","キャット","その他の海老キャット","116002","116 その他の海老","116002 キャット"
"116","その他の海老","3","116003","こえび","その他の海老こえび","116003","116 その他の海老","116003 こえび"
"116","その他の海老","4","116004","エビ","その他の海老エビ","116004","116 その他の海老","116004 エビ"
"116","その他の海老","5","116005","その他えび","その他の海老その他えび","116005","116 その他の海老","116005 その他えび"
"212","いか","1","212001","いか","いかいか","212001","212 いか","212001 いか"
"212","いか","2","212002","こういか","いかこういか","212002","212 いか","212002 こういか"
"212","いか","3","212003","やりいか","いかやりいか","212003","212 いか","212003 やりいか"
"212","いか","4","212004","あかいか","いかあかいか","212004","212 いか","212004 あかいか"
"212","いか","5","212005","その他いか","いかその他いか","212005","212 いか","212005 その他いか"
"213","たこ","1","213001","たこ","たこたこ","213001","213 たこ","213001 たこ"
"213","たこ","2","213002","マダコ","たこマダコ","213002","213 たこ","213002 マダコ"
"213","たこ","3","213003","イイダコ","たこイイダコ","213003","213 たこ","213003 イイダコ"
"213","たこ","4","213004","ミズダコ","たこミズダコ","213004","213 たこ","213004 ミズダコ"
"213","たこ","5","213005","ヤナギダコ","たこヤナギダコ","213005","213 たこ","213005 ヤナギダコ"
"213","たこ","6","213006","シマダコ","たこシマダコ","213006","213 たこ","213006 シマダコ"
"213","たこ","7","213007","その他たこ","たこその他たこ","213007","213 たこ","213007 その他たこ"
"214","たこ唐揚","1","214001","たこ","たこ唐揚たこ","214001","214 たこ唐揚","214001 たこ"
"214","たこ唐揚","2","214002","マダコ","たこ唐揚マダコ","214002","214 たこ唐揚","214002 マダコ"
"214","たこ唐揚","3","214003","イイダコ","たこ唐揚イイダコ","214003","214 たこ唐揚","214003 イイダコ"
"215","鯛","1","215001","たい","鯛たい","215001","215 鯛","215001 たい"
"215","鯛","2","215002","いぼだい","鯛いぼだい","215002","215 鯛","215002 いぼだい"
"215","鯛","3","215003","ふえだい","鯛ふえだい","215003","215 鯛","215003 ふえだい"
"215","鯛","4","215004","ふえふきだい","鯛ふえふきだい","215004","215 鯛","215004 ふえふきだい"
"216","青物","1","216001","いわし","青物いわし","216001","216 青物","216001 いわし"
"216","青物","2","216002","あじ","青物あじ","216002","216 青物","216002 あじ"
"216","青物","3","216003","さば","青物さば","216003","216 青物","216003 さば"
"216","青物","4","216004","ぶり","青物ぶり","216004","216 青物","216004 ぶり"
"216","青物","5","216005","その他ぶり類","青物その他ぶり類","216005","216 青物","216005 その他ぶり類"
"216","青物","6","216006","さわら","青物さわら","216006","216 青物","216006 さわら"
"216","青物","7","216007","さんま","青物さんま","216007","216 青物","216007 さんま"
"217","南方凍魚","1","217001","キス","南方凍魚キス","217001","217 南方凍魚","217001 キス"
"217","南方凍魚","2","217002","したびらめ","南方凍魚したびらめ","217002","217 南方凍魚","217002 したびらめ"
"217","南方凍魚","3","217003","たら","南方凍魚たら","217003","217 南方凍魚","217003 たら"
"217","南方凍魚","4","217004","はも","南方凍魚はも","217004","217 南方凍魚","217004 はも"
"217","南方凍魚","5","217005","さわら","南方凍魚さわら","217005","217 南方凍魚","217005 さわら"
"217","南方凍魚","6","217006","かさご","南方凍魚かさご","217006","217 南方凍魚","217006 かさご"
"217","南方凍魚","7","217007","いぼだい","南方凍魚いぼだい","217007","217 南方凍魚","217007 いぼだい"
"217","南方凍魚","8","217008","いさき","南方凍魚いさき","217008","217 南方凍魚","217008 いさき"
"217","南方凍魚","9","217009","すずき","南方凍魚すずき","217009","217 南方凍魚","217009 すずき"
"217","南方凍魚","10","217010","あいなめ","南方凍魚あいなめ","217010","217 南方凍魚","217010 あいなめ"
"217","南方凍魚","11","217011","あんこう","南方凍魚あんこう","217011","217 南方凍魚","217011 あんこう"
"217","南方凍魚","12","217012","あまだい","南方凍魚あまだい","217012","217 南方凍魚","217012 あまだい"
"217","南方凍魚","13","217013","きんめだい","南方凍魚きんめだい","217013","217 南方凍魚","217013 きんめだい"
"217","南方凍魚","14","217014","ふえだい","南方凍魚ふえだい","217014","217 南方凍魚","217014 ふえだい"
"217","南方凍魚","15","217015","いとよりだい","南方凍魚いとよりだい","217015","217 南方凍魚","217015 いとよりだい"
"217","南方凍魚","16","217016","こち","南方凍魚こち","217016","217 南方凍魚","217016 こち"
"217","南方凍魚","17","217017","さより","南方凍魚さより","217017","217 南方凍魚","217017 さより"
"217","南方凍魚","18","217018","はた","南方凍魚はた","217018","217 南方凍魚","217018 はた"
"217","南方凍魚","19","217019","ほうぼう","南方凍魚ほうぼう","217019","217 南方凍魚","217019 ほうぼう"
"217","南方凍魚","20","217020","まつかさうお・いっとうだい","南方凍魚まつかさうお・いっとうだい","217020","217 南方凍魚","217020 まつかさうお・いっとうだい"
"217","南方凍魚","21","217021","まとうだい","南方凍魚まとうだい","217021","217 南方凍魚","217021 まとうだい"
"217","南方凍魚","22","217022","むつ","南方凍魚むつ","217022","217 南方凍魚","217022 むつ"
"217","南方凍魚","23","217023","ふぐ","南方凍魚ふぐ","217023","217 南方凍魚","217023 ふぐ"
"217","南方凍魚","24","217024","かます","南方凍魚かます","217024","217 南方凍魚","217024 かます"
"217","南方凍魚","25","217025","かわはぎ","南方凍魚かわはぎ","217025","217 南方凍魚","217025 かわはぎ"
"217","南方凍魚","26","217026","たちうお","南方凍魚たちうお","217026","217 南方凍魚","217026 たちうお"
"217","南方凍魚","27","217027","まなかつお","南方凍魚まなかつお","217027","217 南方凍魚","217027 まなかつお"
"217","南方凍魚","28","217028","いかなご","南方凍魚いかなご","217028","217 南方凍魚","217028 いかなご"
"217","南方凍魚","29","217029","ふえふきだい","南方凍魚ふえふきだい","217029","217 南方凍魚","217029 ふえふきだい"
"217","南方凍魚","30","217030","おこぜ","南方凍魚おこぜ","217030","217 南方凍魚","217030 おこぜ"
"217","南方凍魚","31","217031","このしろ","南方凍魚このしろ","217031","217 南方凍魚","217031 このしろ"
"217","南方凍魚","32","217032","その他にしん・いわし類","南方凍魚その他にしん・いわし類","217032","217 南方凍魚","217032 その他にしん・いわし類"
"217","南方凍魚","33","217033","その他すずき類","南方凍魚その他すずき類","217033","217 南方凍魚","217033 その他すずき類"
"217","南方凍魚","34","217034","その他淡水魚","南方凍魚その他淡水魚","217034","217 南方凍魚","217034 その他淡水魚"
"217","南方凍魚","35","217035","その他魚類","南方凍魚その他魚類","217035","217 南方凍魚","217035 その他魚類"
"218","あなご","1","218001","あなご","あなごあなご","218001","218 あなご","218001 あなご"
"219","蟹","1","219001","たらばがに","蟹たらばがに","219001","219 蟹","219001 たらばがに"
"219","蟹","2","219002","ずわいがに","蟹ずわいがに","219002","219 蟹","219002 ずわいがに"
"219","蟹","3","219003","けがに","蟹けがに","219003","219 蟹","219003 けがに"
"219","蟹","4","219004","わたりがに","蟹わたりがに","219004","219 蟹","219004 わたりがに"
"219","蟹","5","219005","その他かに","蟹その他かに","219005","219 蟹","219005 その他かに"
"220","鮭・鱒","1","220001","さけ","鮭・鱒さけ","220001","220 鮭・鱒","220001 さけ"
"220","鮭・鱒","2","220002","ます","鮭・鱒ます","220002","220 鮭・鱒","220002 ます"
"221","北方凍魚","1","221001","ひらめ","北方凍魚ひらめ","221001","221 北方凍魚","221001 ひらめ"
"221","北方凍魚","2","221002","かれい","北方凍魚かれい","221002","221 北方凍魚","221002 かれい"
"221","北方凍魚","3","221003","たら","北方凍魚たら","221003","221 北方凍魚","221003 たら"
"221","北方凍魚","4","221004","ぎんだら","北方凍魚ぎんだら","221004","221 北方凍魚","221004 ぎんだら"
"221","北方凍魚","5","221005","かさご","北方凍魚かさご","221005","221 北方凍魚","221005 かさご"
"221","北方凍魚","6","221006","めぬけ","北方凍魚めぬけ","221006","221 北方凍魚","221006 めぬけ"
"221","北方凍魚","7","221007","そい","北方凍魚そい","221007","221 北方凍魚","221007 そい"
"221","北方凍魚","8","221008","めばる","北方凍魚めばる","221008","221 北方凍魚","221008 めばる"
"221","北方凍魚","9","221009","えそ","北方凍魚えそ","221009","221 北方凍魚","221009 えそ"
"221","北方凍魚","10","221010","あいなめ","北方凍魚あいなめ","221010","221 北方凍魚","221010 あいなめ"
"221","北方凍魚","11","221011","まとうだい","北方凍魚まとうだい","221011","221 北方凍魚","221011 まとうだい"
"221","北方凍魚","12","221012","むつ","北方凍魚むつ","221012","221 北方凍魚","221012 むつ"
"221","北方凍魚","13","221013","ししゃも","北方凍魚ししゃも","221013","221 北方凍魚","221013 ししゃも"
"221","北方凍魚","14","221014","その他にしん・いわし類","北方凍魚その他にしん・いわし類","221014","221 北方凍魚","221014 その他にしん・いわし類"
"221","北方凍魚","15","221015","その他魚類","北方凍魚その他魚類","221015","221 北方凍魚","221015 その他魚類"
"222","太物","1","222001","まぐろ","太物まぐろ","222001","222 太物","222001 まぐろ"
"222","太物","2","222002","かじき","太物かじき","222002","222 太物","222002 かじき"
"222","太物","3","222003","かつお","太物かつお","222003","222 太物","222003 かつお"
"222","太物","4","222004","その他魚類","太物その他魚類","222004","222 太物","222004 その他魚類"
"223","魚卵","1","223001","かずのこ","魚卵かずのこ","223001","223 魚卵","223001 かずのこ"
"223","魚卵","3","223003","いくら","魚卵いくら","223003","223 魚卵","223003 いくら"
"223","魚卵","5","223005","たらこ","魚卵たらこ","223005","223 魚卵","223005 たらこ"
"223","魚卵","6","223006","めんたいこ","魚卵めんたいこ","223006","223 魚卵","223006 めんたいこ"
"223","魚卵","7","223007","トビコ","魚卵トビコ","223007","223 魚卵","223007 トビコ"
"223","魚卵","4","223004","ますこ","魚卵ますこ","223004","223 魚卵","223004 ますこ"
"223","魚卵","2","223002","すじこ","魚卵すじこ","223002","223 魚卵","223002 すじこ"
"223","魚卵","8","223008","その他魚卵","魚卵その他魚卵","223008","223 魚卵","223008 その他魚卵"
"224","貝","1","224001","あわび類","貝あわび類","224001","224 貝","224001 あわび類"
"224","貝","2","224002","さざえ・たにし・その他新紐舌目","貝さざえ・たにし・その他新紐舌目","224002","224 貝","224002 さざえ・たにし・その他新紐舌目"
"224","貝","3","224003","ばい","貝ばい","224003","224 貝","224003 ばい"
"224","貝","4","224004","その他巻貝","貝その他巻貝","224004","224 貝","224004 その他巻貝"
"224","貝","5","224005","あかがい","貝あかがい","224005","224 貝","224005 あかがい"
"224","貝","6","224006","いがい","貝いがい","224006","224 貝","224006 いがい"
"224","貝","7","224007","ほたてがい","貝ほたてがい","224007","224 貝","224007 ほたてがい"
"224","貝","8","224008","かき","貝かき","224008","224 貝","224008 かき"
"224","貝","9","224009","ばかがい","貝ばかがい","224009","224 貝","224009 ばかがい"
"224","貝","10","224010","あさり・はまぐり","貝あさり・はまぐり","224010","224 貝","224010 あさり・はまぐり"
"224","貝","11","224011","しじみ・その他まるすだれがい","貝しじみ・その他まるすだれがい","224011","224 貝","224011 しじみ・その他まるすだれがい"
"224","貝","12","224012","まてがい","貝まてがい","224012","224 貝","224012 まてがい"
"224","貝","13","224013","その他二枚貝","貝その他二枚貝","224013","224 貝","224013 その他二枚貝"
"224","貝","14","224014","その他かい","貝その他かい","224014","224 貝","224014 その他かい"
"225","かきフライ","1","225001","かきフライ","かきフライかきフライ","225001","225 かきフライ","225001 かきフライ"
"226","淡水魚","1","226001","その他淡水魚","淡水魚その他淡水魚","226001","226 淡水魚","226001 その他淡水魚"
"227","うなぎ","1","227001","うなぎ","うなぎうなぎ","227001","227 うなぎ","227001 うなぎ"
"228","うに","1","228001","うに","うにうに","228001","228 うに","228001 うに"
"229","その他の魚介類","1","229001","このしろ","その他の魚介類このしろ","229001","229 その他の魚介類","229001 このしろ"
"229","その他の魚介類","2","229002","にべ・ぐち","その他の魚介類にべ・ぐち","229002","229 その他の魚介類","229002 にべ・ぐち"
"229","その他の魚介類","3","229003","あんこう","その他の魚介類あんこう","229003","229 その他の魚介類","229003 あんこう"
"229","その他の魚介類","4","229004","かます","その他の魚介類かます","229004","229 その他の魚介類","229004 かます"
"229","その他の魚介類","5","229005","さめ","その他の魚介類さめ","229005","229 その他の魚介類","229005 さめ"
"229","その他の魚介類","6","229006","なまこ","その他の魚介類なまこ","229006","229 その他の魚介類","229006 なまこ"
"229","その他の魚介類","7","229007","海産哺乳類","その他の魚介類海産哺乳類","229007","229 その他の魚介類","229007 海産哺乳類"
"229","その他の魚介類","8","229008","その他の魚介類","その他の魚介類その他の魚介類","229008","229 その他の魚介類","229008 その他の魚介類"
"230","切身","1","230001","マダラ","切身マダラ","230001","230 切身","230001 マダラ"
"230","切身","2","230002","スケトウダラ","切身スケトウダラ","230002","230 切身","230002 スケトウダラ"
"230","切身","3","230003","アカウオ","切身アカウオ","230003","230 切身","230003 アカウオ"
"230","切身","4","230004","カラスガレイ","切身カラスガレイ","230004","230 切身","230004 カラスガレイ"
"230","切身","5","230005","シマホッケ","切身シマホッケ","230005","230 切身","230005 シマホッケ"
"230","切身","6","230006","ホッケ","切身ホッケ","230006","230 切身","230006 ホッケ"
"230","切身","7","230007","サバ","切身サバ","230007","230 切身","230007 サバ"
"230","切身","8","230008","アジ","切身アジ","230008","230 切身","230008 アジ"
"230","切身","9","230009","サワラ","切身サワラ","230009","230 切身","230009 サワラ"
"230","切身","10","230010","サゴシ","切身サゴシ","230010","230 切身","230010 サゴシ"
"230","切身","11","230011","ブリ","切身ブリ","230011","230 切身","230011 ブリ"
"230","切身","12","230012","アキサケ","切身アキサケ","230012","230 切身","230012 アキサケ"
"230","切身","13","230013","ギンザケ","切身ギンザケ","230013","230 切身","230013 ギンザケ"
"230","切身","14","230014","ホキ","切身ホキ","230014","230 切身","230014 ホキ"
"230","切身","15","230015","メルルーサ","切身メルルーサ","230015","230 切身","230015 メルルーサ"
"230","切身","16","230016","その他切身","切身その他切身","230016","230 切身","230016 その他切身"
"231","海藻類・淡水藻類","1","231001","こんぶ","海藻類・淡水藻類こんぶ","231001","231 海藻類・淡水藻類","231001 こんぶ"
"231","海藻類・淡水藻類","2","231002","わかめ","海藻類・淡水藻類わかめ","231002","231 海藻類・淡水藻類","231002 わかめ"
"231","海藻類・淡水藻類","3","231003","のり","海藻類・淡水藻類のり","231003","231 海藻類・淡水藻類","231003 のり"
"231","海藻類・淡水藻類","4","231004","その他海藻","海藻類・淡水藻類その他海藻","231004","231 海藻類・淡水藻類","231004 その他海藻"
"232","すり身類","1","232001","すり身","すり身類すり身","232001","232 すり身類","232001 すり身"
"332","米穀","2","332002","精米","米穀精米","332002","332 米穀","332002 精米"
"333","雑穀","1","333001","とうもろこし","雑穀とうもろこし","333001","333 雑穀","333001 とうもろこし"
"334","豆類","3","334003","いんげん","豆類いんげん","334003","334 豆類","334003 いんげん"
"334","豆類","4","334004","えんどう","豆類えんどう","334004","334 豆類","334004 えんどう"
"334","豆類","6","334006","そら豆","豆類そら豆","334006","334 豆類","334006 そら豆"
"334","豆類","9","334009","グリーンピース","豆類グリーンピース","334009","334 豆類","334009 グリーンピース"
"334","豆類","11","334011","枝豆","豆類枝豆","334011","334 豆類","334011 枝豆"
"334","豆類","12","334012","その他の豆類","豆類その他の豆類","334012","334 豆類","334012 その他の豆類"
"335","野菜","1","335001","根菜類","野菜根菜類","335001","335 野菜","335001 根菜類"
"335","野菜","2","335002","葉茎菜類","野菜葉茎菜類","335002","335 野菜","335002 葉茎菜類"
"335","野菜","3","335003","果菜類","野菜果菜類","335003","335 野菜","335003 果菜類"
"335","野菜","4","335004","香辛野菜及びつまもの類","野菜香辛野菜及びつまもの類","335004","335 野菜","335004 香辛野菜及びつまもの類"
"335","野菜","5","335005","きのこ類","野菜きのこ類","335005","335 野菜","335005 きのこ類"
"335","野菜","6","335006","山菜類","野菜山菜類","335006","335 野菜","335006 山菜類"
"335","野菜","999","335999","その他の野菜","野菜その他の野菜","335999","335 野菜","335999 その他の野菜"
"336","果実","1","336001","果物類","果実果物類","336001","336 果実","336001 果物類"
"336","果実","999","336999","その他の果実","果実その他の果実","336999","336 果実","336999 その他の果実"
"337","その他農産生鮮品","4","337004","香辛料原材料","その他農産生鮮品香辛料原材料","337004","337 その他農産生鮮品","337004 香辛料原材料"
"338","肉類","1","338001","牛肉","肉類牛肉","338001","338 肉類","338001 牛肉"
"338","肉類","2","338002","豚肉","肉類豚肉","338002","338 肉類","338002 豚肉"
"338","肉類","3","338003","馬肉","肉類馬肉","338003","338 肉類","338003 馬肉"
"338","肉類","4","338004","鶏肉","肉類鶏肉","338004","338 肉類","338004 鶏肉"
"338","肉類","5","338005","鴨肉","肉類鴨肉","338005","338 肉類","338005 鴨肉"
"338","肉類","6","338006","羊肉","肉類羊肉","338006","338 肉類","338006 羊肉"
"338","肉類","999","338999","その他の肉類","肉類その他の肉類","338999","338 肉類","338999 その他の肉類"
"339","食用鳥卵","1","339001","鶏卵","食用鳥卵鶏卵","339001","339 食用鳥卵","339001 鶏卵"
"340","加工魚介類","1","340001","素干魚介類","加工魚介類素干魚介類","340001","340 加工魚介類","340001 素干魚介類"
"340","加工魚介類","2","340002","塩干魚介類","加工魚介類塩干魚介類","340002","340 加工魚介類","340002 塩干魚介類"
"340","加工魚介類","3","340003","煮干魚介類","加工魚介類煮干魚介類","340003","340 加工魚介類","340003 煮干魚介類"
"340","加工魚介類","4","340004","塩蔵魚介類","加工魚介類塩蔵魚介類","340004","340 加工魚介類","340004 塩蔵魚介類"
"340","加工魚介類","5","340005","塩蔵魚卵類","加工魚介類塩蔵魚卵類","340005","340 加工魚介類","340005 塩蔵魚卵類"
"340","加工魚介類","6","340006","缶詰魚介類","加工魚介類缶詰魚介類","340006","340 加工魚介類","340006 缶詰魚介類"
"340","加工魚介類","7","340007","加工水産物冷凍食品","加工魚介類加工水産物冷凍食品","340007","340 加工魚介類","340007 加工水産物冷凍食品"
"340","加工魚介類","10","340010","ねり製品・風味かまぼこ","加工魚介類ねり製品・風味かまぼこ","340010","340 加工魚介類","340010 ねり製品・風味かまぼこ"
"340","加工魚介類","13","340013","ねり製品","加工魚介類ねり製品","340013","340 加工魚介類","340013 ねり製品"
"340","加工魚介類","14","340014","ねり製品・揚げかまぼこ類","加工魚介類ねり製品・揚げかまぼこ類","340014","340 加工魚介類","340014 ねり製品・揚げかまぼこ類"
"340","加工魚介類","16","340016","ねり製品・調理類","加工魚介類ねり製品・調理類","340016","340 加工魚介類","340016 ねり製品・調理類"
"340","加工魚介類","17","340017","調味生すり身","加工魚介類調味生すり身","340017","340 加工魚介類","340017 調味生すり身"
"340","加工魚介類","18","340018","魚肉ハム・ソーセージ類","加工魚介類魚肉ハム・ソーセージ類","340018","340 加工魚介類","340018 魚肉ハム・ソーセージ類"
"340","加工魚介類","19","340019","くん製魚介類","加工魚介類くん製魚介類","340019","340 加工魚介類","340019 くん製魚介類"
"340","加工魚介類","20","340020","節類","加工魚介類節類","340020","340 加工魚介類","340020 節類"
"340","加工魚介類","22","340022","塩辛製品","加工魚介類塩辛製品","340022","340 加工魚介類","340022 塩辛製品"
"340","加工魚介類","23","340023","水産物つくだに","加工魚介類水産物つくだに","340023","340 加工魚介類","340023 水産物つくだに"
"340","加工魚介類","24","340024","水産物つけもの","加工魚介類水産物つけもの","340024","340 加工魚介類","340024 水産物つけもの"
"340","加工魚介類","25","340025","調味加工品","加工魚介類調味加工品","340025","340 加工魚介類","340025 調味加工品"
"340","加工魚介類","26","340026","湯煮加工品","加工魚介類湯煮加工品","340026","340 加工魚介類","340026 湯煮加工品"
"340","加工魚介類","27","340027","酢〆加工品","加工魚介類酢〆加工品","340027","340 加工魚介類","340027 酢〆加工品"
"340","加工魚介類","28","340028","焼き魚類","加工魚介類焼き魚類","340028","340 加工魚介類","340028 焼き魚類"
"340","加工魚介類","29","340029","煮魚類","加工魚介類煮魚類","340029","340 加工魚介類","340029 煮魚類"
"340","加工魚介類","999","340999","その他の加工魚介類","加工魚介類その他の加工魚介類","340999","340 加工魚介類","340999 その他の加工魚介類"
"341","加工海藻類","1","341001","こんぶ","加工海藻類こんぶ","341001","341 加工海藻類","341001 こんぶ"
"341","加工海藻類","2","341002","こんぶ加工品","加工海藻類こんぶ加工品","341002","341 加工海藻類","341002 こんぶ加工品"
"341","加工海藻類","3","341003","干のり","加工海藻類干のり","341003","341 加工海藻類","341003 干のり"
"341","加工海藻類","4","341004","のり加工品","加工海藻類のり加工品","341004","341 加工海藻類","341004 のり加工品"
"341","加工海藻類","6","341006","わかめ類","加工海藻類わかめ類","341006","341 加工海藻類","341006 わかめ類"
"341","加工海藻類","7","341007","ひじき類","加工海藻類ひじき類","341007","341 加工海藻類","341007 ひじき類"
"341","加工海藻類","9","341009","寒天","加工海藻類寒天","341009","341 加工海藻類","341009 寒天"
"341","加工海藻類","10","341010","モズク類","加工海藻類モズク類","341010","341 加工海藻類","341010 モズク類"
"341","加工海藻類","999","341999","その他の加工海藻類","加工海藻類その他の加工海藻類","341999","341 加工海藻類","341999 その他の加工海藻類"
"342","その他の水産加工食品","1","342001","シーフードミックス","その他の水産加工食品シーフードミックス","342001","342 その他の水産加工食品","342001 シーフードミックス"
"342","その他の水産加工食品","999","342999","その他の水産加工食品","その他の水産加工食品その他の水産加工食品","342999","342 その他の水産加工食品","342999 その他の水産加工食品"
"343","粉類","1","343001","米粉","粉類米粉","343001","343 粉類","343001 米粉"
"343","粉類","2","343002","小麦粉","粉類小麦粉","343002","343 粉類","343002 小麦粉"
"343","粉類","4","343004","豆粉","粉類豆粉","343004","343 粉類","343004 豆粉"
"343","粉類","6","343006","片栗粉","粉類片栗粉","343006","343 粉類","343006 片栗粉"
"344","でん粉","7","344007","でん粉","でん粉でん粉","344007","344 でん粉","344007 でん粉"
"345","野菜加工品","1","345001","野菜缶・瓶詰","野菜加工品野菜缶・瓶詰","345001","345 野菜加工品","345001 野菜缶・瓶詰"
"345","野菜加工品","2","345002","トマト加工品","野菜加工品トマト加工品","345002","345 野菜加工品","345002 トマト加工品"
"345","野菜加工品","3","345003","きのこ類加工品","野菜加工品きのこ類加工品","345003","345 野菜加工品","345003 きのこ類加工品"
"345","野菜加工品","5","345005","野菜漬物","野菜加工品野菜漬物","345005","345 野菜加工品","345005 野菜漬物"
"345","野菜加工品","8","345008","野菜つくだ煮","野菜加工品野菜つくだ煮","345008","345 野菜加工品","345008 野菜つくだ煮"
"345","野菜加工品","999","345999","その他の野菜加工品","野菜加工品その他の野菜加工品","345999","345 野菜加工品","345999 その他の野菜加工品"
"346","果実加工品","1","346001","果実缶・瓶詰","果実加工品果実缶・瓶詰","346001","346 果実加工品","346001 果実缶・瓶詰"
"346","果実加工品","2","346002","ジャム類・マーマレード及び果実バター食品缶詰","果実加工品ジャム類・マーマレード及び果実バター食品缶詰","346002","346 果実加工品","346002 ジャム類・マーマレード及び果実バター食品缶詰"
"346","果実加工品","3","346003","果実漬物","果実加工品果実漬物","346003","346 果実加工品","346003 果実漬物"
"346","果実加工品","999","346999","その他の果実加工品","果実加工品その他の果実加工品","346999","346 果実加工品","346999 その他の果実加工品"
"347","茶、コーヒー及びココアの調製品","1","347001","茶","茶、コーヒー及びココアの調製品茶","347001","347 茶、コーヒー及びココアの調製品","347001 茶"
"347","茶、コーヒー及びココアの調製品","4","347004","コーヒー・ココア製品","茶、コーヒー及びココアの調製品コーヒー・ココア製品","347004","347 茶、コーヒー及びココアの調製品","347004 コーヒー・ココア製品"
"348","香辛料","1","348001","スパイス","香辛料スパイス","348001","348 香辛料","348001 スパイス"
"348","香辛料","2","348002","さんしょう","香辛料さんしょう","348002","348 香辛料","348002 さんしょう"
"348","香辛料","3","348003","カレー粉","香辛料カレー粉","348003","348 香辛料","348003 カレー粉"
"348","香辛料","4","348004","からし粉","香辛料からし粉","348004","348 香辛料","348004 からし粉"
"348","香辛料","5","348005","わさび粉","香辛料わさび粉","348005","348 香辛料","348005 わさび粉"
"348","香辛料","6","348006","しょうが","香辛料しょうが","348006","348 香辛料","348006 しょうが"
"349","めん・パン類","12","349012","めん・皮類","めん・パン類めん・皮類","349012","349 めん・パン類","349012 めん・皮類"
"349","めん・パン類","13","349013","パン類","めん・パン類パン類","349013","349 めん・パン類","349013 パン類"
"349","めん・パン類","14","349014","めん類","めん・パン類めん類","349014","349 めん・パン類","349014 めん類"
"350","穀類加工品","2","350002","米加工品","穀類加工品米加工品","350002","350 穀類加工品","350002 米加工品"
"350","穀類加工品","4","350004","パン粉","穀類加工品パン粉","350004","350 穀類加工品","350004 パン粉"
"350","穀類加工品","5","350005","ふ","穀類加工品ふ","350005","350 穀類加工品","350005 ふ"
"351","菓子類","1","351001","ビスケット類","菓子類ビスケット類","351001","351 菓子類","351001 ビスケット類"
"351","菓子類","6","351006","和菓子","菓子類和菓子","351006","351 菓子類","351006 和菓子"
"351","菓子類","7","351007","洋菓子","菓子類洋菓子","351007","351 菓子類","351007 洋菓子"
"351","菓子類","8","351008","中華菓子","菓子類中華菓子","351008","351 菓子類","351008 中華菓子"
"351","菓子類","12","351012","チョコレート類","菓子類チョコレート類","351012","351 菓子類","351012 チョコレート類"
"351","菓子類","15","351015","スナック菓子","菓子類スナック菓子","351015","351 菓子類","351015 スナック菓子"
"351","菓子類","16","351016","冷菓","菓子類冷菓","351016","351 菓子類","351016 冷菓"
"351","菓子類","999","351999","その他の菓子類","菓子類その他の菓子類","351999","351 菓子類","351999 その他の菓子類"
"352","豆類の調製品","1","352001","あん","豆類の調製品あん","352001","352 豆類の調製品","352001 あん"
"352","豆類の調製品","2","352002","煮豆","豆類の調製品煮豆","352002","352 豆類の調製品","352002 煮豆"
"352","豆類の調製品","3","352003","豆腐","豆類の調製品豆腐","352003","352 豆類の調製品","352003 豆腐"
"352","豆類の調製品","4","352004","豆腐加工品","豆類の調製品豆腐加工品","352004","352 豆類の調製品","352004 豆腐加工品"
"352","豆類の調製品","5","352005","油揚げ","豆類の調製品油揚げ","352005","352 豆類の調製品","352005 油揚げ"
"352","豆類の調製品","6","352006","ゆば","豆類の調製品ゆば","352006","352 豆類の調製品","352006 ゆば"
"352","豆類の調製品","7","352007","凍り豆腐","豆類の調製品凍り豆腐","352007","352 豆類の調製品","352007 凍り豆腐"
"352","豆類の調製品","8","352008","納豆","豆類の調製品納豆","352008","352 豆類の調製品","352008 納豆"
"352","豆類の調製品","9","352009","きなこ","豆類の調製品きなこ","352009","352 豆類の調製品","352009 きなこ"
"352","豆類の調製品","10","352010","ピーナッツ製品","豆類の調製品ピーナッツ製品","352010","352 豆類の調製品","352010 ピーナッツ製品"
"352","豆類の調製品","11","352011","いり豆類","豆類の調製品いり豆類","352011","352 豆類の調製品","352011 いり豆類"
"352","豆類の調製品","12","352012","落花生","豆類の調製品落花生","352012","352 豆類の調製品","352012 落花生"
"352","豆類の調製品","13","352013","豆乳類","豆類の調製品豆乳類","352013","352 豆類の調製品","352013 豆乳類"
"353","砂糖類","1","353001","砂糖","砂糖類砂糖","353001","353 砂糖類","353001 砂糖"
"353","砂糖類","2","353002","糖みつ","砂糖類糖みつ","353002","353 砂糖類","353002 糖みつ"
"353","砂糖類","3","353003","糖類","砂糖類糖類","353003","353 砂糖類","353003 糖類"
"354","その他の農産加工品","1","354001","こんにゃく","その他の農産加工品こんにゃく","354001","354 その他の農産加工品","354001 こんにゃく"
"355","食肉製品","1","355001","焼豚類","食肉製品焼豚類","355001","355 食肉製品","355001 焼豚類"
"355","食肉製品","2","355002","ベーコン類","食肉製品ベーコン類","355002","355 食肉製品","355002 ベーコン類"
"355","食肉製品","3","355003","ハム類","食肉製品ハム類","355003","355 食肉製品","355003 ハム類"
"355","食肉製品","6","355006","ソーセージ","食肉製品ソーセージ","355006","355 食肉製品","355006 ソーセージ"
"355","食肉製品","9","355009","加工鳥獣肉冷凍食品","食肉製品加工鳥獣肉冷凍食品","355009","355 食肉製品","355009 加工鳥獣肉冷凍食品"
"355","食肉製品","999","355999","その他の食肉製品","食肉製品その他の食肉製品","355999","355 食肉製品","355999 その他の食肉製品"
"356","酪農製品","8","356008","バター","酪農製品バター","356008","356 酪農製品","356008 バター"
"356","酪農製品","9","356009","チーズ","酪農製品チーズ","356009","356 酪農製品","356009 チーズ"
"356","酪農製品","10","356010","アイスクリーム類","酪農製品アイスクリーム類","356010","356 酪農製品","356010 アイスクリーム類"
"356","酪農製品","11","356011","牛乳・乳飲料類","酪農製品牛乳・乳飲料類","356011","356 酪農製品","356011 牛乳・乳飲料類"
"357","加工卵製品","1","357001","鶏卵の加工製品","加工卵製品鶏卵の加工製品","357001","357 加工卵製品","357001 鶏卵の加工製品"
"357","加工卵製品","999","357999","その他の加工卵製品","加工卵製品その他の加工卵製品","357999","357 加工卵製品","357999 その他の加工卵製品"
"358","その他の畜産加工品","1","358001","はちみつ","その他の畜産加工品はちみつ","358001","358 その他の畜産加工品","358001 はちみつ"
"359","調味料及びスープ","1","359001","食塩","調味料及びスープ食塩","359001","359 調味料及びスープ","359001 食塩"
"359","調味料及びスープ","2","359002","みそ","調味料及びスープみそ","359002","359 調味料及びスープ","359002 みそ"
"359","調味料及びスープ","3","359003","しょうゆ","調味料及びスープしょうゆ","359003","359 調味料及びスープ","359003 しょうゆ"
"359","調味料及びスープ","4","359004","ソース","調味料及びスープソース","359004","359 調味料及びスープ","359004 ソース"
"359","調味料及びスープ","5","359005","ドレッシング","調味料及びスープドレッシング","359005","359 調味料及びスープ","359005 ドレッシング"
"359","調味料及びスープ","6","359006","食酢","調味料及びスープ食酢","359006","359 調味料及びスープ","359006 食酢"
"359","調味料及びスープ","7","359007","うま味調味料","調味料及びスープうま味調味料","359007","359 調味料及びスープ","359007 うま味調味料"
"359","調味料及びスープ","8","359008","風味調味料","調味料及びスープ風味調味料","359008","359 調味料及びスープ","359008 風味調味料"
"359","調味料及びスープ","9","359009","めん類等用つゆ","調味料及びスープめん類等用つゆ","359009","359 調味料及びスープ","359009 めん類等用つゆ"
"359","調味料及びスープ","10","359010","スープ","調味料及びスープスープ","359010","359 調味料及びスープ","359010 スープ"
"359","調味料及びスープ","11","359011","即席みそ汁","調味料及びスープ即席みそ汁","359011","359 調味料及びスープ","359011 即席みそ汁"
"359","調味料及びスープ","12","359012","即席吸物","調味料及びスープ即席吸物","359012","359 調味料及びスープ","359012 即席吸物"
"359","調味料及びスープ","13","359013","調味料関連製品","調味料及びスープ調味料関連製品","359013","359 調味料及びスープ","359013 調味料関連製品"
"360","食用油脂","1","360001","食用植物油脂","食用油脂食用植物油脂","360001","360 食用油脂","360001 食用植物油脂"
"360","食用油脂","2","360002","食用動物油脂","食用油脂食用動物油脂","360002","360 食用油脂","360002 食用動物油脂"
"360","食用油脂","3","360003","食用加工油脂","食用油脂食用加工油脂","360003","360 食用油脂","360003 食用加工油脂"
"361","調理冷凍食品","1","361001","調理冷凍食品","調理冷凍食品調理冷凍食品","361001","361 調理冷凍食品","361001 調理冷凍食品"
"361","調理冷凍食品","999","361999","その他調理冷凍食品","調理冷凍食品その他調理冷凍食品","361999","361 調理冷凍食品","361999 その他調理冷凍食品"
"362","調理食品","2","362002","チルド食品","調理食品チルド食品","362002","362 調理食品","362002 チルド食品"
"362","調理食品","3","362003","レトルトパウチ食品","調理食品レトルトパウチ食品","362003","362 調理食品","362003 レトルトパウチ食品"
"362","調理食品","4","362004","包装米飯","調理食品包装米飯","362004","362 調理食品","362004 包装米飯"
"362","調理食品","6","362006","そうざい・米飯類","調理食品そうざい・米飯類","362006","362 調理食品","362006 そうざい・米飯類"
"362","調理食品","7","362007","そうざい・調理パン","調理食品そうざい・調理パン","362007","362 調理食品","362007 そうざい・調理パン"
"362","調理食品","8","362008","そうざい・めん","調理食品そうざい・めん","362008","362 調理食品","362008 そうざい・めん"
"362","調理食品","9","362009","そうざい・和風","調理食品そうざい・和風","362009","362 調理食品","362009 そうざい・和風"
"362","調理食品","10","362010","そうざい・洋風","調理食品そうざい・洋風","362010","362 調理食品","362010 そうざい・洋風"
"362","調理食品","11","362011","そうざい・中華風","調理食品そうざい・中華風","362011","362 調理食品","362011 そうざい・中華風"
"362","調理食品","12","362012","そうざい・揚げ物","調理食品そうざい・揚げ物","362012","362 調理食品","362012 そうざい・揚げ物"
"362","調理食品","13","362013","そうざい・サラダ","調理食品そうざい・サラダ","362013","362 調理食品","362013 そうざい・サラダ"
"362","調理食品","999","362999","その他の調理食品","調理食品その他の調理食品","362999","362 調理食品","362999 その他の調理食品"
"363","飲料等","1","363001","飲料水(アルコール含まない)","飲料等飲料水(アルコール含まない)","363001","363 飲料等","363001 飲料水(アルコール含まない)"
"363","飲料等","2","363002","清涼飲料","飲料等清涼飲料","363002","363 飲料等","363002 清涼飲料"
"363","飲料等","3","363003","氷","飲料等氷","363003","363 飲料等","363003 氷"
"363","飲料等","999","363999","その他の飲料(アルコール含む)","飲料等その他の飲料(アルコール含む)","363999","363 飲料等","363999 その他の飲料(アルコール含む)"
"364","その他の加工食品","1","364001","イースト及びふくらし粉","その他の加工食品イースト及びふくらし粉","364001","364 その他の加工食品","364001 イースト及びふくらし粉"
"364","その他の加工食品","3","364003","麦芽及び麦芽抽出物並びに麦芽シロップ","その他の加工食品麦芽及び麦芽抽出物並びに麦芽シロップ","364003","364 その他の加工食品","364003 麦芽及び麦芽抽出物並びに麦芽シロップ"
"364","その他の加工食品","999","364999","その他の加工食品","その他の加工食品その他の加工食品","364999","364 その他の加工食品","364999 その他の加工食品"
"365","非食品","1","365001","資材","非食品資材","365001","365 非食品","365001 資材"
"365","非食品","2","365002","容器","非食品容器","365002","365 非食品","365002 容器"
"365","非食品","3","365003","氷、ドライアイス","非食品氷、ドライアイス","365003","365 非食品","365003 氷、ドライアイス"
"365","非食品","4","365004","添加物","非食品添加物","365004","365 非食品","365004 添加物"
"365","非食品","5","365005","串","非食品串","365005","365 非食品","365005 串"
"365","非食品","6","365006","板","非食品板","365006","365 非食品","365006 板"
"365","非食品","7","365007","葉・笹類","非食品葉・笹類","365007","365 非食品","365007 葉・笹類"
"365","非食品","8","365008","保冷","非食品保冷","365008","365 非食品","365008 保冷"
"365","非食品","9","365009","雑貨","非食品雑貨","365009","365 非食品","365009 雑貨"
"365","非食品","10","365010","殻","非食品殻","365010","365 非食品","365010 殻"
"365","非食品","11","365011","甲羅","非食品甲羅","365011","365 非食品","365011 甲羅"
"365","非食品","12","365012","飾り・紙","非食品飾り・紙","365012","365 非食品","365012 飾り・紙"
"365","非食品","999","365999","その他非食品","非食品その他非食品","365999","365 非食品","365999 その他非食品"
"366","宇部工場","1","366001","かじき","宇部工場かじき","366001","366 宇部工場","366001 かじき"
"366","宇部工場","2","366002","さけ","宇部工場さけ","366002","366 宇部工場","366002 さけ"
"366","宇部工場","3","366003","ます","宇部工場ます","366003","366 宇部工場","366003 ます"
"366","宇部工場","4","366004","さば","宇部工場さば","366004","366 宇部工場","366004 さば"
"366","宇部工場","5","366005","ぶり","宇部工場ぶり","366005","366 宇部工場","366005 ぶり"
"366","宇部工場","6","366006","いわし","宇部工場いわし","366006","366 宇部工場","366006 いわし"
"366","宇部工場","7","366007","さんま","宇部工場さんま","366007","366 宇部工場","366007 さんま"
"366","宇部工場","8","366008","かれい","宇部工場かれい","366008","366 宇部工場","366008 かれい"
"366","宇部工場","9","366009","たら","宇部工場たら","366009","366 宇部工場","366009 たら"
"366","宇部工場","10","366010","はも","宇部工場はも","366010","366 宇部工場","366010 はも"
"366","宇部工場","11","366011","さわら","宇部工場さわら","366011","366 宇部工場","366011 さわら"
"366","宇部工場","12","366012","めぬけ","宇部工場めぬけ","366012","366 宇部工場","366012 めぬけ"
"366","宇部工場","13","366013","あなご","宇部工場あなご","366013","366 宇部工場","366013 あなご"
"366","宇部工場","14","366014","あんこう","宇部工場あんこう","366014","366 宇部工場","366014 あんこう"
"366","宇部工場","15","366015","きんめだい","宇部工場きんめだい","366015","366 宇部工場","366015 きんめだい"
"366","宇部工場","16","366016","さめ","宇部工場さめ","366016","366 宇部工場","366016 さめ"
"366","宇部工場","17","366017","たちうお","宇部工場たちうお","366017","366 宇部工場","366017 たちうお"
"366","宇部工場","18","366018","おこぜ","宇部工場おこぜ","366018","366 宇部工場","366018 おこぜ"
"366","宇部工場","19","366019","あいなめ","宇部工場あいなめ","366019","366 宇部工場","366019 あいなめ"
"366","宇部工場","20","366020","その他魚類","宇部工場その他魚類","366020","366 宇部工場","366020 その他魚類"
"366","宇部工場","21","366021","バナメイ","宇部工場バナメイ","366021","366 宇部工場","366021 バナメイ"
"366","宇部工場","22","366022","タイガー","宇部工場タイガー","366022","366 宇部工場","366022 タイガー"
"366","宇部工場","23","366023","くるまえび","宇部工場くるまえび","366023","366 宇部工場","366023 くるまえび"
"366","宇部工場","24","366024","ブラックタイガー","宇部工場ブラックタイガー","366024","366 宇部工場","366024 ブラックタイガー"
"366","宇部工場","25","366025","アルゼンチンアカエビ","宇部工場アルゼンチンアカエビ","366025","366 宇部工場","366025 アルゼンチンアカエビ"
"366","宇部工場","26","366026","ロブスター","宇部工場ロブスター","366026","366 宇部工場","366026 ロブスター"
"366","宇部工場","27","366027","エビ","宇部工場エビ","366027","366 宇部工場","366027 エビ"
"366","宇部工場","28","366028","その他えび","宇部工場その他えび","366028","366 宇部工場","366028 その他えび"
"366","宇部工場","29","366029","たらばがに","宇部工場たらばがに","366029","366 宇部工場","366029 たらばがに"
"366","宇部工場","30","366030","ずわいがに","宇部工場ずわいがに","366030","366 宇部工場","366030 ずわいがに"
"366","宇部工場","31","366031","その他かに","宇部工場その他かに","366031","366 宇部工場","366031 その他かに"
"366","宇部工場","32","366032","いか","宇部工場いか","366032","366 宇部工場","366032 いか"
"366","宇部工場","33","366033","やりいか","宇部工場やりいか","366033","366 宇部工場","366033 やりいか"
"366","宇部工場","34","366034","その他いか","宇部工場その他いか","366034","366 宇部工場","366034 その他いか"
"366","宇部工場","35","366035","たこ","宇部工場たこ","366035","366 宇部工場","366035 たこ"
"366","宇部工場","36","366036","あわび類","宇部工場あわび類","366036","366 宇部工場","366036 あわび類"
"366","宇部工場","37","366037","さざえ・たにし・その他新紐舌目","宇部工場さざえ・たにし・その他新紐舌目","366037","366 宇部工場","366037 さざえ・たにし・その他新紐舌目"
"366","宇部工場","38","366038","ほたてがい","宇部工場ほたてがい","366038","366 宇部工場","366038 ほたてがい"
"366","宇部工場","39","366039","かき","宇部工場かき","366039","366 宇部工場","366039 かき"
"366","宇部工場","40","366040","レトルトパウチ食品","宇部工場レトルトパウチ食品","366040","366 宇部工場","366040 レトルトパウチ食品"
"366","宇部工場","41","366041","そうざい・洋風","宇部工場そうざい・洋風","366041","366 宇部工場","366041 そうざい・洋風"
"366","宇部工場","42","366042","調理冷凍食品","宇部工場調理冷凍食品","366042","366 宇部工場","366042 調理冷凍食品"
"366","宇部工場","43","366043","その他の調理食品","宇部工場その他の調理食品","366043","366 宇部工場","366043 その他の調理食品"
